{
  "std_train_score": [
    0.02374059901861463,
    0.15720041934324275,
    0.004109612644177629,
    0.2672818914248931,
    0.004642013044599553,
    0.001105291931195916,
    0.030502720815195863,
    0.017729957389621867,
    0.004585458036622456,
    0.02351144307138408,
    0.006036746078539644,
    0
  ],
  "rank_test_score": [
    12,
    9,
    5,
    10,
    3,
    2,
    11,
    7,
    6,
    8,
    4,
    1
  ],
  "mean_score_time": [
    0.04392600059509277,
    0.08111659685770671,
    0.060349623362223305,
    0.07107400894165039,
    0.11608235041300456,
    0.325508991877238,
    0.058664401372273765,
    0.042648712793986,
    0.06273301442464192,
    0.05521599451700846,
    0.14502898852030435,
    0.2704026699066162
  ],
  "param_hidden_layer_sizes": [
    [
      1
    ],
    [
      2
    ],
    [
      5
    ],
    [
      2,
      2
    ],
    [
      10
    ],
    [
      100
    ],
    [
      1
    ],
    [
      2
    ],
    [
      5
    ],
    [
      2,
      2
    ],
    [
      10
    ],
    [
      100
    ]
  ],
  "std_test_score": [
    0.02269027821148869,
    0.15257654926945852,
    0.001560624931169477,
    0.2630683146949277,
    0.0018231558988736115,
    0.0014230902528854332,
    0.02798317229813203,
    0.01897861022008945,
    0.0016188618321081288,
    0.023091601689876524,
    0.005068135065046373,
    0.0015008394061662397
  ],
  "split1_train_score": [
    0.3636159096022599,
    0.6878328041798955,
    0.9127271818204545,
    0.11237219069523262,
    0.9611009724756882,
    1,
    0.4366390840228994,
    0.6511087222819429,
    0.9073273168170796,
    0.6337341566460839,
    0.9507762305942351,
    1
  ],
  "split0_test_score": [
    0.4102179564087183,
    0.6795140971805639,
    0.8910217956408718,
    0.6719656068786243,
    0.9307638472305539,
    0.9692561487702459,
    0.36842631473705256,
    0.6740651869626075,
    0.8805738852229554,
    0.6560687862427514,
    0.9217656468706259,
    0.9732553489302139
  ],
  "mean_test_score": [
    0.3871,
    0.5669333333333333,
    0.8931333333333333,
    0.4844,
    0.9283666666666667,
    0.97005,
    0.39171666666666666,
    0.6644,
    0.8806666666666667,
    0.6247833333333334,
    0.9225333333333333,
    0.9711333333333333
  ],
  "param_activation": [
    "relu",
    "relu",
    "relu",
    "relu",
    "relu",
    "relu",
    "tanh",
    "tanh",
    "tanh",
    "tanh",
    "tanh",
    "tanh"
  ],
  "split2_train_score": [
    0.391170662200335,
    0.3564732645051621,
    0.9033072519561033,
    0.6729995250356223,
    0.9518036147288953,
    0.9973252006099542,
    0.3756218283628728,
    0.6846986476014298,
    0.8969327300452467,
    0.6102042346823988,
    0.962327825413094,
    1
  ],
  "split0_train_score": [
    0.4217421742174217,
    0.6920192019201921,
    0.9110911091109111,
    0.6855185518551855,
    0.9621212121212122,
    0.9982998299829983,
    0.3687868786878688,
    0.6917441744174417,
    0.9058155815581558,
    0.6674917491749175,
    0.9645464546454645,
    1
  ],
  "params": [
    {
      "activation": "relu",
      "hidden_layer_sizes": [
        1
      ]
    },
    {
      "activation": "relu",
      "hidden_layer_sizes": [
        2
      ]
    },
    {
      "activation": "relu",
      "hidden_layer_sizes": [
        5
      ]
    },
    {
      "activation": "relu",
      "hidden_layer_sizes": [
        2,
        2
      ]
    },
    {
      "activation": "relu",
      "hidden_layer_sizes": [
        10
      ]
    },
    {
      "activation": "relu",
      "hidden_layer_sizes": [
        100
      ]
    },
    {
      "activation": "tanh",
      "hidden_layer_sizes": [
        1
      ]
    },
    {
      "activation": "tanh",
      "hidden_layer_sizes": [
        2
      ]
    },
    {
      "activation": "tanh",
      "hidden_layer_sizes": [
        5
      ]
    },
    {
      "activation": "tanh",
      "hidden_layer_sizes": [
        2,
        2
      ]
    },
    {
      "activation": "tanh",
      "hidden_layer_sizes": [
        10
      ]
    },
    {
      "activation": "tanh",
      "hidden_layer_sizes": [
        100
      ]
    }
  ],
  "std_fit_time": [
    28.39698609219448,
    25.28383129911511,
    8.0173661380361,
    12.863611546459255,
    24.981358350084164,
    8.398877654158655,
    4.721731672893278,
    8.568274155155166,
    12.42381891295817,
    3.3224915719083863,
    31.41852092629922,
    15.566129104220947
  ],
  "std_score_time": [
    0.01459061064400259,
    0.028688743763519476,
    0.011321739852161176,
    0.010948170271548515,
    0.017384104466043358,
    0.01802102919032443,
    0.007996046958756393,
    0.00019955529043406408,
    0.003283339900141713,
    0.007530350133240085,
    0.04536849824230503,
    0.08436418408464035
  ],
  "split2_test_score": [
    0.39480922138320745,
    0.3512026804020603,
    0.893634045106766,
    0.6688503275491323,
    0.927989198379757,
    0.9688453267990198,
    0.37565634845226786,
    0.6812521878281742,
    0.8787318097714657,
    0.6010401560234035,
    0.9290893634045106,
    0.970095514327149
  ],
  "mean_train_score": [
    0.3921762486733389,
    0.5787750902017499,
    0.9090418476291563,
    0.4902967558620135,
    0.9583419331085986,
    0.9985416768643175,
    0.393682597024547,
    0.6758505147669381,
    0.9033585428068274,
    0.6371433801678,
    0.9592168368842646,
    1
  ],
  "mean_fit_time": [
    124.96552975972493,
    72.83216301600139,
    43.51727398236593,
    23.03084143002828,
    79.63870000839233,
    155.22027548154196,
    95.1501772403717,
    67.08322763442993,
    40.7281269232432,
    42.21674927075704,
    76.15586996078491,
    155.73869530359903
  ],
  "split1_test_score": [
    0.35626781339066954,
    0.6700335016750838,
    0.8947447372368619,
    0.11235561778088904,
    0.9263463173158658,
    0.9720486024301215,
    0.4310715535776789,
    0.6378818940947047,
    0.8826941347067353,
    0.6172308615430772,
    0.9167458372918645,
    0.9700485024251213
  ]
}
