{"std_train_score": [0.012762603498849064, 0.0088009187802075, 0.002644151008885392, 0.09651339403178716, 0.0026300321717567694, 0.00018965726590829056, 0.003972314250604707, 0.0002494242281622234, 0.020323465323365913, 0.009054207742919509, 0.002905870490666028, 0.011425102015309533, 0.0029670569294906438, 0.0, 0.0017420544985841536, 0.0], "rank_test_score": [15, 11, 9, 14, 7, 3, 4, 1, 16, 12, 10, 13, 8, 5, 6, 2], "mean_score_time": [0.11066667238871257, 0.1561246713002523, 0.17430702845255533, 0.1805270512898763, 0.3584146499633789, 0.6314560572306315, 0.5720006624857584, 0.36145766576131183, 0.1370727221171061, 0.060287078221639, 0.0907593568166097, 0.19037866592407227, 0.4634546438852946, 0.6121393839518229, 1.1287319660186768, 0.2683040301005046], "param_hidden_layer_sizes": [[1], [2], [5], [2, 2], [10], [50], [50, 50], [100], [1], [2], [5], [2, 2], [10], [50], [50, 50], [100]], "std_test_score": [0.01881466232857653, 0.011122393803876062, 0.0008014987688443375, 0.0974952454830688, 0.0023265943359726945, 0.001499461504482269, 0.004413581115576374, 0.0015276566620366122, 0.02228270814618999, 0.0025327952047869374, 0.001006592805819591, 0.00767394113499801, 0.003188943013015622, 0.0013938166287389747, 0.0012626116703938455, 0.0011134743129650973], "split1_train_score": [0.4142396440088998, 0.6794330141746456, 0.9086022849428764, 0.5057373565660859, 0.9575510612234694, 0.9995500112497188, 0.9909002274943126, 0.999800004999875, 0.35224119397015075, 0.6977325566860828, 0.9094772630684232, 0.6913577160570986, 0.9683507912302193, 1.0, 0.9948501287467814, 1.0], "split0_test_score": [0.4351129774045191, 0.6838132373525295, 0.8931213757248551, 0.685112977404519, 0.9284143171365726, 0.9677564487102579, 0.9697560487902419, 0.9741551689662068, 0.3805238952209558, 0.6714157168566287, 0.8875224955008998, 0.6796140771845631, 0.9274645070985803, 0.964257148570286, 0.9633573285342931, 0.9719056188762247], "mean_test_score": [0.42568333333333336, 0.68265, 0.8922666666666667, 0.6296333333333334, 0.9296333333333333, 0.9658333333333333, 0.96495, 0.972, 0.37756666666666666, 0.6729166666666667, 0.8862, 0.67055, 0.92305, 0.9625, 0.9624333333333334, 0.9708333333333333], "param_activation": ["relu", "relu", "relu", "relu", "relu", "relu", "relu", "relu", "tanh", "tanh", "tanh", "tanh", "tanh", "tanh", "tanh", "tanh"], "split2_train_score": [0.4368422368322376, 0.6987975901807364, 0.9049571282153839, 0.7201959853011024, 0.9623528235382346, 0.9999750018748594, 0.999225058120641, 0.9994000449966253, 0.40006999475039373, 0.6755993300502462, 0.9036572257080719, 0.6654500912431568, 0.9622778291628128, 1.0, 0.9983001274904382, 1.0], "split0_train_score": [0.4442444244424442, 0.6973197319731973, 0.9114161416141614, 0.6991199119911992, 0.9636713671367136, 0.9999249924992499, 0.9994249424942494, 1.0, 0.3881138113811381, 0.6854435443544354, 0.9101160116011601, 0.6875687568756875, 0.9687718771877187, 1.0, 0.9987498749874988, 1.0], "params": [{"activation": "relu", "hidden_layer_sizes": [1]}, {"activation": "relu", "hidden_layer_sizes": [2]}, {"activation": "relu", "hidden_layer_sizes": [5]}, {"activation": "relu", "hidden_layer_sizes": [2, 2]}, {"activation": "relu", "hidden_layer_sizes": [10]}, {"activation": "relu", "hidden_layer_sizes": [50]}, {"activation": "relu", "hidden_layer_sizes": [50, 50]}, {"activation": "relu", "hidden_layer_sizes": [100]}, {"activation": "tanh", "hidden_layer_sizes": [1]}, {"activation": "tanh", "hidden_layer_sizes": [2]}, {"activation": "tanh", "hidden_layer_sizes": [5]}, {"activation": "tanh", "hidden_layer_sizes": [2, 2]}, {"activation": "tanh", "hidden_layer_sizes": [10]}, {"activation": "tanh", "hidden_layer_sizes": [50]}, {"activation": "tanh", "hidden_layer_sizes": [50, 50]}, {"activation": "tanh", "hidden_layer_sizes": [100]}], "std_fit_time": [38.78910826063296, 27.438284621113613, 25.499715304144917, 36.502994976644715, 80.05259353646858, 32.22777095455804, 15.8217617261671, 5.454358884020316, 62.356556285659224, 41.7061427313054, 2.7921094015424384, 15.503737065648318, 71.51382696414923, 20.879947883217795, 18.847353125354104, 46.82529632662807], "std_score_time": [0.017603370871594564, 0.016120939448167237, 0.027735476530024374, 0.05882175231758175, 0.18640052015054007, 0.003831580358986261, 0.049254291505689975, 0.16413201028714564, 0.008156188742591754, 0.004785907497872219, 0.026298945714814562, 0.063394195341586, 0.056947958939952, 0.16078434960616908, 0.11628657236980393, 0.058530800223744156], "split2_test_score": [0.4425163774566185, 0.6956543481522228, 0.8924838725808871, 0.7112066810021503, 0.9328899334900235, 0.965644846727009, 0.9659948992348852, 0.9707956193429015, 0.403260489073361, 0.6708506275941392, 0.8850827624143621, 0.6608491273691054, 0.9216382457368605, 0.9623943591538731, 0.9632944941741262, 0.9712956943541531], "mean_train_score": [0.43177543509452715, 0.6918501121095263, 0.9083251849241405, 0.6416844179527957, 0.9611917506328059, 0.999816668541276, 0.9965167427030677, 0.9997333499988335, 0.3801416667005609, 0.6862584770302549, 0.9077501667925517, 0.6814588547253143, 0.9664668325269169, 1.0, 0.9973000437415728, 1.0], "mean_fit_time": [178.90683070818582, 111.18029769261678, 97.28758502006531, 138.03030157089233, 255.3099683125814, 350.31190156936646, 262.6684536933899, 324.4850017229716, 203.33265606562296, 178.7294452985128, 65.65305693944295, 77.40391198794048, 232.26487803459167, 413.08388471603394, 249.1732633113861, 284.7716437180837], "split1_test_score": [0.3994199709985499, 0.6684834241712085, 0.8911945597279864, 0.4925746287314366, 0.9275963798189909, 0.9640982049102456, 0.9590979548977449, 0.9710485524276213, 0.3489174458722936, 0.6764838241912096, 0.8859942997149858, 0.6711835591779589, 0.920046002300115, 0.9608480424021201, 0.9606480324016201, 0.9692984649232461]}